experiment,model,n_features,fold_aucs,oof_auc,delta_vs_baseline,folds_improved,minutes,fold_seed,notes,public_lb,logged_at
exp00_baseline,LightGBM,20,0.94059 0.94146 0.94290 0.94230 0.94182,0.9418,,,1.8,42,,,2026-09-30 13:13
exp01_clip_flags,LightGBM,20,0.94059 0.94146 0.94290 0.94230 0.94182,0.9418,0.0,3.0,1.9,42,,0.94165,2026-09-30 13:26
exp02_target_encoding,LightGBM,25,0.94395 0.94456 0.94573 0.94509 0.94490,0.94484,0.00304,5.0,1.3,42,,,2026-09-30 13:35
exp02_target_encoding,CatBoost,25,0.94413 0.94459 0.94582 0.94515 0.94501,0.94493,,,3.1,42,,,2026-09-30 13:35
exp02_target_encoding,Blend,25,0.94416 0.94469 0.94588 0.94523 0.94506,0.945,,,0.0,42,CatBoost weight 0.60,0.94519,2026-09-30 13:35
exp03_count_encoding,LightGBM,30,0.94448 0.94507 0.94627 0.94573 0.94542,0.94538,0.00054,5.0,1.3,42,,,2026-09-30 13:41
exp03_count_encoding,CatBoost,30,0.94462 0.94513 0.94639 0.94585 0.94549,0.94549,0.00056,5.0,2.5,42,,,2026-09-30 13:41
exp03_count_encoding,Blend,30,0.94467 0.94522 0.94647 0.94591 0.94557,0.94556,0.00056,5.0,0.0,42,CatBoost weight 0.60,0.94573,2026-09-30 13:41
exp04_catboost_num_cats,LightGBM,30,0.94448 0.94507 0.94627 0.94573 0.94542,0.94538,0.0,1.0,1.2,42,,,2026-09-30 13:52
exp04_catboost_num_cats,CatBoost,30,0.94473 0.94523 0.94647 0.94587 0.94556,0.94557,8e-05,5.0,4.0,42,,,2026-09-30 13:52
exp04_catboost_num_cats,Blend,30,0.94475 0.94528 0.94653 0.94592 0.94562,0.94562,6e-05,5.0,0.0,42,CatBoost weight 0.70,,2026-09-30 13:52
exp06_digit_features,LightGBM,38,0.94454 0.94518 0.94633 0.94579 0.94553,0.94547,9e-05,5.0,1.4,42,,,2026-09-30 14:10
exp06_digit_features,CatBoost,38,0.94484 0.94533 0.94658 0.94596 0.94573,0.94568,0.00011,5.0,4.8,42,,,2026-09-30 14:10
exp06_digit_features,Blend,38,0.94485 0.94539 0.94661 0.94601 0.94578,0.94572,0.0001,5.0,0.0,42,CatBoost weight 0.70,0.94588,2026-09-30 14:10
exp07_xgboost_blend,LightGBM,38,0.94454 0.94518 0.94633 0.94579 0.94553,0.94547,-0.0,2.0,1.3,42,,,2026-09-30 14:20
exp07_xgboost_blend,CatBoost,38,0.94484 0.94533 0.94658 0.94596 0.94573,0.94568,0.0,2.0,4.2,42,,,2026-09-30 14:20
exp07_xgboost_blend,XGBoost,38,0.94467 0.94520 0.94642 0.94577 0.94557,0.94552,,,1.1,42,,,2026-09-30 14:20
exp07_xgboost_blend,Blend,38,0.94488 0.94541 0.94663 0.94601 0.94579,0.94574,2e-05,4.0,0.0,42,"LightGBM 0.12, CatBoost 0.64, XGBoost 0.24",0.94589,2026-09-30 14:20
exp08_neural_net,LightGBM,38,0.94454 0.94518 0.94633 0.94579 0.94553,0.94547,-0.0,2.0,1.3,42,,,2026-09-30 18:53
exp08_neural_net,CatBoost,38,0.94484 0.94533 0.94658 0.94596 0.94573,0.94568,0.0,2.0,3.5,42,,,2026-09-30 18:53
exp08_neural_net,XGBoost,38,0.94467 0.94520 0.94642 0.94577 0.94557,0.94552,-0.0,2.0,1.0,42,,,2026-09-30 18:53
exp08_neural_net,NeuralNet,38,0.94452 0.94490 0.94610 0.94549 0.94493,0.94515,,,4.5,42,,,2026-09-30 18:53
exp08_neural_net,Blend,38,0.94492 0.94545 0.94665 0.94603 0.94576,0.94575,1e-05,4.0,0.0,42,"LightGBM 0.09, CatBoost 0.57, XGBoost 0.20, NeuralNet 0.14",0.94586,2026-09-30 18:53
exp09_wide_encoding,LightGBM,65,0.94495 0.94558 0.94662 0.94628 0.94589,0.94585,0.00038,5.0,1.8,42,,,2026-09-30 23:05
exp09_wide_encoding,CatBoost,65,0.94521 0.94577 0.94688 0.94637 0.94612,0.94606,0.00038,5.0,5.1,42,,,2026-09-30 23:05
exp09_wide_encoding,XGBoost,65,0.94499 0.94563 0.94670 0.94621 0.94599,0.9459,0.00038,5.0,1.5,42,,,2026-09-30 23:05
exp09_wide_encoding,NeuralNet,65,0.94472 0.94531 0.94651 0.94602 0.94567,0.94555,0.0004,5.0,7.5,42,,,2026-09-30 23:05
exp09_wide_encoding,Blend,65,0.94527 0.94587 0.94695 0.94646 0.94620,0.94614,0.00039,5.0,0.0,42,"LightGBM 0.12, CatBoost 0.55, XGBoost 0.18, NeuralNet 0.15",0.94623,2026-09-30 23:05
exp10_lgbm_params,LightGBM,65,0.94506 0.94574 0.94692 0.94645 0.94616,0.94606,0.00021,5.0,1.4,42,,,2026-09-30 23:29
exp10_lgbm_params,CatBoost,65,0.94521 0.94577 0.94688 0.94637 0.94612,0.94606,0.0,1.0,4.9,42,,,2026-09-30 23:29
exp10_lgbm_params,XGBoost,65,0.94499 0.94563 0.94670 0.94621 0.94599,0.9459,-0.0,2.0,1.6,42,,,2026-09-30 23:29
exp10_lgbm_params,NeuralNet,65,0.94472 0.94531 0.94651 0.94602 0.94567,0.94555,-0.0,1.0,6.8,42,,,2026-09-30 23:29
exp10_lgbm_params,Blend,65,0.94524 0.94587 0.94699 0.94650 0.94623,0.94616,2e-05,4.0,0.0,42,"LightGBM 0.36, CatBoost 0.44, XGBoost 0.08, NeuralNet 0.13",,2026-09-30 23:29
